<?xml version="1.0" encoding="UTF-8" standalone="yes"?>
	<addon 
        id="repository.VideoIzle" 
        name="VideoIzle Repository" 
        version="0.0.2" 
        provider-name="VideoIzle">
		<extension point="xbmc.addon.repository" name="VideoIzle Repository">
			<info compressed="false">https://raw.github.com/video-izle/XBMC.repo/master/addons.xml</info>
			<checksum>https://raw.github.com/video-izle/XBMC.repo/master/addons.xml.md5</checksum>
			<datadir zip="true">https://raw.github.com/video-izle/XBMC.repo/master/zips</datadir>
		</extension>
		<extension point="xbmc.addon.metadata">
			<summary lang="en">VideoIzle Repository</summary>
			<description lang="en">VideoIzle Repository</description>
            <disclaimer lang="en">VideoIzle Repository</disclaimer>
            <platform>all</platform>
			<license>GNU GENERAL PUBLIC LICENSE. Version 3, June 2014</license>
            <language>en</language>
            <forum>http://xxx</forum>
            <website>http://www.xxx</website>
            <email></email>
            <source>xxxx</source>
		</extension>
	</addon>