<?xml version="1.0" encoding="UTF-8" standalone="yes"?>
<addon id="plugin.video.TURKizle" name="[COLOR beige]TÜRKizle[/COLOR][COLOR red]IPTV[/COLOR]" version="0.0.3" provider-name="TURKizle">
  <requires>
    <import addon="xbmc.python" version="2.1.0" />
  </requires>
  <extension point="xbmc.python.pluginsource"
            library="default.py">
        <provides>video</provides>
  </extension>
  <extension point="xbmc.addon.metadata">
    <platform>all</platform>
    <summary>TÜRKizle IPTV</summary>
    <description>YÜKSEK KALİTEDE İPTV</description>
  </extension>
</addon>
