<?xml version="1.0" encoding="UTF-8" standalone="yes"?>
<addon id="plugin.video.AlJadeedNews"
	name="Al Jadeed News"
	version="1.0.0"
	provider-name="Amio(Relax1000)">
  <requires>
    <import addon="xbmc.python" version="2.1.0"/>
    <import addon="plugin.video.youtube" version="3.0.0"/>
  </requires>
  <extension point="xbmc.python.pluginsource" library="default.py">
    <provides>video</provides>
  </extension>
  <extension point="xbmc.addon.metadata">
    <summary lang="en">Al Jadeed Online News Replay</summary>
    <description lang="en">Al Jadeed Online News Replay</description>
    <platform>all</platform>
  </extension>
</addon>
