<?xml version="1.0" encoding="UTF-8" standalone="yes"?>
	<addon 
        id="repository.TURKizle" 
        name="TURKizle Repository" 
        version="0.0.3" 
        provider-name="TURKizle">
		<extension point="xbmc.addon.repository" name="TURKizle Repository">
			<info compressed="false">https://raw.github.com/video-izle/XBMC.repo/master/addons.xml</info>
			<checksum>https://raw.github.com/video-izle/XBMC.repo/master/addons.xml.md5</checksum>
			<datadir zip="true">https://raw.github.com/video-izle/XBMC.repo/master/zips</datadir>
		</extension>
		<extension point="xbmc.addon.metadata">
			<summary lang="en">TURKizle Repository</summary>
			<description lang="en">TURKizle Repository</description>
            <disclaimer lang="en">TURKizle Repository</disclaimer>
            <platform>all</platform>
			<license>TURKizle eklenti deposu Version 0.0.3</license>
            <language>en</language>
            <forum>http://kodi.video-izle.tv</forum>
            <website>http://kodi.video-izle.tv</website>
		</extension>
	</addon>